key_fangraphs,Name,Team,Pos,URL,sub_url,IL_Retro_1,Activate_1,Injury_1,IL_Retro_2,Activate_2,Injury_2,IL_Retro_3,Activate_3,Injury_3,IL_Retro_4,Activate_4,Injury_4,Season,IL_Retro_5,Activate_5,Injury_5,IL_Retro_6,Activate_6,Injury_6,injury_group,match_method,primary_outcome,sensitivity_outcome,negative_control,event_primary,event_sensitivity,mlbam_id,num_games_prior_to_injury,player_mean_wOBA_prior_to_injury,league_avg_wOBA,wOBA_ref
10264,Brandon Belt,SFG,1B,https://www.fangraphs.com/players/brandon-belt/10264/stats/batting,brandon-belt/10264/stats/batting,2021-05-26,2021-06-08,Strained oblique,2021-06-24,2021-08-05,Knee inflammation,2021-09-28,,Fractured thumb (left),,,,2021,,,,,,,knee_nontraumatic,exact,0,1,0,2,1,474832,40,0.33468749999999997,0.314,0.3316063829787234
12532,Kolten Wong,MIL,2B,https://www.fangraphs.com/players/kolten-wong/12532/stats/batting,kolten-wong/12532/stats/batting,2021-04-09,2021-04-23,Strained oblique,2021-06-04,2021-06-18,Strained oblique,2021-07-02,2021-07-16,Strained calf,,,,2021,,,,,,,oblique_recurrence,exact,1,1,0,1,1,543939,7,0.22285714285714286,0.314,0.2684285714285714
12856,George Springer,TOR,OF,https://www.fangraphs.com/players/george-springer/12856/stats/batting,george-springer/12856/stats/batting,2021-03-29,2021-04-28,Strained oblique / Strained quad,2021-05-03,2021-06-22,Strained quad,2021-08-15,2021-08-30,Sprained knee,,,,2021,,,,,,,lower_body_strain,exact,1,1,0,1,1,543807,0,,0.314,0.314
12916,Francisco Lindor,NYM,SS,https://www.fangraphs.com/players/francisco-lindor/12916/stats/batting,francisco-lindor/12916/stats/batting,2021-07-17,2021-08-24,Strained oblique,,,,,,,,,,2021,,,,,,,none,none,0,0,0,0,0,596019,88,0.3121875,0.314,0.31232105263157894
13301,Max Muncy,LAD,INF,https://www.fangraphs.com/players/max-muncy/13301/stats/batting,max-muncy/13301/stats/batting,2021-06-12,2021-06-22,Strained oblique,,,,,,,,,,2021,,,,,,,none,none,0,0,0,0,0,571970,59,0.4196045197740113,0.314,0.40840404040404044
13369,Erik González,PIT,INF/OF,https://www.fangraphs.com/players/erik-gonzalez/13369/stats/batting,erik-gonzalez/13369/stats/batting,2021-07-02,2021-08-07,Strained oblique,,,,,,,,,,2021,,,,,,,none,none,0,0,0,0,0,570481,71,0.24865023474178408,0.314,0.2545149572649573
13419,Christian Walker,ARI,1B,https://www.fangraphs.com/players/christian-walker/13419/stats/batting,christian-walker/13419/stats/batting,2021-04-12,2021-05-03,Strained oblique,2021-05-12,2021-05-29,Strained oblique,,,,,,,2021,,,,,,,oblique_recurrence,exact,1,1,0,1,1,572233,10,0.21482142857142858,0.314,0.2556596638655462
13769,Adalberto Mondesi,KCR,SS,https://www.fangraphs.com/players/adalberto-mondesi/13769/stats/batting,adalberto-mondesi/13769/stats/batting,2021-03-30,2021-05-25,Strained oblique,2021-06-04,2021-06-15,Strained hamstring,2021-06-21,2021-09-01,Strained oblique,,,,2021,,,,,,,lower_body_strain,exact,1,1,0,1,1,609275,0,,0.314,0.314
14137,Tim Lopes,MIL,OF/INF,https://www.fangraphs.com/players/tim-lopes/14137/stats/batting,tim-lopes/14137/stats/batting,2021-03-29,2021-05-31,Strained oblique,,,,,,,,,,2021,,,,,,,none,none,0,0,0,0,0,621005,0,,0.314,0.314
14553,Nomar Mazara,DET,OF,https://www.fangraphs.com/players/nomar-mazara/14553/stats/batting,nomar-mazara/14553/stats/batting,2021-04-15,2021-05-08,Strained oblique,,,,,,,,,,2021,,,,,,,none,none,0,0,0,0,0,608577,12,0.25472222222222224,0.314,0.27656140350877195
14854,Mike Yastrzemski,SFG,OF,https://www.fangraphs.com/players/mike-yastrzemski/14854/stats/batting,mike-yastrzemski/14854/stats/batting,2021-04-26,2021-05-07,Strained oblique,2021-06-02,2021-06-12,Sprained thumb,,,,,,,2021,,,,,,,traumatic,exact,0,0,1,2,2,573262,22,0.3963636363636364,0.314,0.3764827586206897
16403,Francisco Mejía,TBR,C,https://www.fangraphs.com/players/francisco-mejia/16403/stats/batting,francisco-mejia/16403/stats/batting,2021-05-06,2021-05-16,Strained oblique,,,,,,,,,,2021,,,,,,,none,none,0,0,0,0,0,642336,19,0.35043859649122805,0.314,0.34062820512820513
16451,Luis Guillorme,NYM,INF,https://www.fangraphs.com/players/luis-guillorme/16451/stats/batting,luis-guillorme/16451/stats/batting,2021-04-29,2021-06-11,Strained oblique,2021-08-01,2021-08-31,Strained hamstring,,,,,,,2021,,,,,,,lower_body_strain,exact,1,1,0,1,1,641645,9,0.4961111111111111,0.314,0.4164375
17932,Andrew Stevenson,WSN,OF,https://www.fangraphs.com/players/andrew-stevenson/17932/stats/batting,andrew-stevenson/17932/stats/batting,2021-06-17,2021-07-09,Strained oblique,,,,,,,,,,2021,,,,,,,none,none,0,0,0,0,0,664057,50,0.32108333333333333,0.314,0.32021345029239767
18126,LaMonte Wade Jr.,SFG,OF,https://www.fangraphs.com/players/lamonte-wade-jr/18126/stats/batting,lamonte-wade-jr/18126/stats/batting,2021-04-14,2021-05-13,Strained oblique,,,,,,,,,,2021,,,,,,,none,none,0,0,0,0,0,664774,3,0.23750000000000002,0.314,0.29105
18289,Brian Anderson,MIA,3B,https://www.fangraphs.com/players/brian-anderson/18289/stats/batting,brian-anderson/18289/stats/batting,2021-04-21,2021-05-04,Strained oblique,2021-05-25,2021-07-24,Shoulder subluxation (left),2021-08-31,,Shoulder surgery,,,,2021,,,,,,,traumatic,exact,0,0,1,2,2,605119,16,0.26640625,0.314,0.28089130434782605
19392,Zach McKinstry,LAD,INF/OF,https://www.fangraphs.com/players/zach-mckinstry/19392/stats/batting,zach-mckinstry/19392/stats/batting,2021-04-21,2021-05-29,Strained oblique,,,,,,,,,,2021,,,,,,,none,none,0,0,0,0,0,656716,17,0.44348039215686275,0.314,0.40571527777777777
19683,Mike Brosseau,TBR,INF/OF,https://www.fangraphs.com/players/mike-brosseau/19683/stats/batting,mike-brosseau/19683/stats/batting,2021-07-08,2021-07-20,Strained oblique,,,,,,,,,,2021,,,,,,,none,none,0,0,0,0,0,670712,53,0.2632704402515723,0.314,0.26918888888888887
5343,Brandon Crawford,SFG,SS,https://www.fangraphs.com/players/brandon-crawford/5343/stats/batting,brandon-crawford/5343/stats/batting,2021-07-19,2021-07-29,Strained oblique,,,,,,,,,,2021,,,,,,,none,none,0,0,0,0,0,543063,80,0.37173958333333335,0.314,0.3670938697318008
11476,Odúbel Herrera,PHI,OF,https://www.fangraphs.com/players/odubel-herrera/11476/stats,odubel-herrera/11476/stats,2022-04-04,2022-04-22,Strained oblique,,,,,,,,,,2022,,,,,,,none,none,0,0,0,0,0,546318,0,,0.31,0.31
11737,Nick Castellanos,PHI,OF,https://www.fangraphs.com/players/nick-castellanos/11737/stats,nick-castellanos/11737/stats,2022-09-03,2022-09-27,Strained oblique,,,,,,,,,,2022,,,,,,,none,none,0,0,0,0,0,592206,128,0.31292317708333334,0.31,0.3127716049382716
11760,Drew Smyly,CHC,C,https://www.fangraphs.com/players/drew-smyly/11760/stats,drew-smyly/11760/stats,2022-05-31,2022-07-10,Strained oblique,,,,,,,,,,2022,,,,,,,none,none,0,0,0,0,0,592767,0,,0.31,0.31
13066,Teoscar Hernández,TOR,OF,https://www.fangraphs.com/players/teoscar-hernandez/13066/stats,teoscar-hernandez/13066/stats,2022-04-14,2022-05-07,Strained oblique,,,,,,,,,,2022,,,,,,,none,none,0,0,0,0,0,606192,6,0.40208333333333335,0.31,0.3525
13620,Carson Kelly,ARI,C,https://www.fangraphs.com/players/carson-kelly/13620/stats,carson-kelly/13620/stats,2022-05-05,2022-06-11,Strained oblique,,,,,,,,,,2022,,,,,,,none,none,0,0,0,0,0,608348,18,0.11226851851851853,0.31,0.16763333333333336
16424,Jordan Luplow,ARI,OF/1B,https://www.fangraphs.com/players/jordan-luplow/16424/stats,jordan-luplow/16424/stats,2022-04-04,2022-04-25,Strained oblique,,,,,,,,,,2022,,,,,,,none,none,0,0,0,0,0,656669,0,,0.31,0.31
16535,Danny Jansen,TOR,C,https://www.fangraphs.com/players/danny-jansen/16535/stats,danny-jansen/16535/stats,2022-04-11,2022-05-14,Strained oblique,2022-06-06,2022-07-12,Fractured finger (left pinky),,,,,,,2022,,,,,,,traumatic,exact,0,0,1,2,2,643376,2,0.9916666666666667,0.31,0.4614814814814815
17128,Ramón Laureano,OAK,OF,https://www.fangraphs.com/players/ramon-laureano/17128/stats,ramon-laureano/17128/stats,2022-08-15,2022-09-06,Strained oblique,2022-09-17,2022-10-06,Strained hamstring,,,,,,,2022,,,,,,,lower_body_strain,exact,1,1,0,1,1,657656,83,0.31515060240963855,0.31,0.31475000000000003
17232,Yoán Moncada,CHW,3B,https://www.fangraphs.com/players/yoan-moncada/17232/stats,yoan-moncada/17232/stats,2022-04-05,2022-05-09,Strained oblique,2022-06-18,2022-06-28,Strained hamstring,2022-08-26,2022-09-05,Strained hamstring,,,,2022,,,,,,,lower_body_strain,exact,1,1,0,1,1,660162,0,,0.31,0.31
17719,Steven Duggar,SFG,OF,https://www.fangraphs.com/players/steven-duggar/17719/stats,steven-duggar/17719/stats,2022-04-22,2022-06-23,Strained oblique,,,,,,,,,,2022,,,,,,,none,none,0,0,0,0,0,621453,10,0.22916666666666666,0.31,0.2624509803921568
17723,Skye Bolt,OAK,OF,https://www.fangraphs.com/players/skye-bolt/17723/stats,skye-bolt/17723/stats,2022-04-07,2022-06-30,Strained oblique,2022-08-26,2022-09-14,Knee discomfort (patellar subluxation),,,,,,,2022,,,,,,,knee_nontraumatic,exact,0,1,0,2,1,621450,0,,0.31,0.31
18795,Ramón Urías,BAL,INF,https://www.fangraphs.com/players/ramon-urias/18795/stats,ramon-urias/18795/stats,2022-06-10,2022-07-04,Strained oblique,2022-09-28,2022-10-06,Sprained knee,,,,,,,2022,,,,,,,knee_nontraumatic,exact,0,1,0,2,1,602104,48,0.29770833333333335,0.31,0.2992727272727273
19734,Josh Rojas,ARI,INF/OF,https://www.fangraphs.com/players/josh-rojas/19734/stats,josh-rojas/19734/stats,2022-04-04,2022-05-06,Strained oblique,,,,,,,,,,2022,,,,,,,none,none,0,0,0,0,0,668942,0,,0.31,0.31
19997,Santiago Espinal,TOR,2B,https://www.fangraphs.com/players/santiago-espinal/19997/stats,santiago-espinal/19997/stats,2022-09-22,2022-10-06,Strained oblique,,,,,,,,,,2022,,,,,,,none,none,0,0,0,0,0,669289,134,0.3057764747690121,0.31,0.3059861533265789
21270,Sean Bouchard,COL,OF/INF,https://www.fangraphs.com/players/sean-bouchard/21270/stats,sean-bouchard/21270/stats,2022-06-24,2022-07-16,Strained oblique,,,,,,,,,,2022,,,,,,,none,none,0,0,0,0,0,656248,3,0.2916666666666667,0.31,0.3045
6153,Eduardo Escobar,NYM,3B,https://www.fangraphs.com/players/eduardo-escobar/6153/stats,eduardo-escobar/6153/stats,2022-08-16,2022-08-27,Strained oblique,,,,,,,,,,2022,,,,,,,none,none,0,0,0,0,0,500871,100,0.27971666666666667,0.31,0.2816978193146417
9627,Yan Gomes,CHC,C,https://www.fangraphs.com/players/yan-gomes/9627/stats,yan-gomes/9627/stats,2022-05-24,2022-06-10,Strained oblique,,,,,,,,,,2022,,,,,,,none,none,0,0,0,0,0,543228,24,0.21940972222222221,0.31,0.23986559139784946
12775,Brad Miller,TEX,INF/OF,https://www.fangraphs.com/players/brad-miller/12775/stats,brad-miller/12775/stats,2023-05-31,2023-06-30,Strained oblique,2023-08-02,,Strained hamstring,,,,,,,2023,,,,,,,lower_body_strain,exact,1,1,0,1,1,543543,21,0.37222222222222223,0.318,0.35866666666666663
12859,James McCann,BAL,C,https://www.fangraphs.com/players/james-mccann/12859/stats,james-mccann/12859/stats,2023-03-27,2023-04-09,Strained oblique,2023-06-18,2023-07-04,Sprained ankle,,,,,,,2023,,,,,,,ankle_sprain,exact,0,1,0,2,1,543510,0,,0.318,0.318
13853,Joey Wendle,MIA,INF,https://www.fangraphs.com/players/joey-wendle/13853/stats,joey-wendle/13853/stats,2023-04-03,2023-05-07,Strained oblique,,,,,,,,,,2023,,,,,,,none,none,0,0,0,0,0,621563,3,0.07777777777777777,0.318,0.24593333333333334
14128,Joey Gallo,MIN,OF/1B,https://www.fangraphs.com/players/joey-gallo/14128/stats,joey-gallo/14128/stats,2023-04-08,2023-04-19,Strained oblique,2023-06-02,2023-06-13,Strained hamstring,2023-09-06,,Foot contusion,,,,2023,,,,,,,lower_body_strain,exact,1,1,0,1,1,608336,7,0.3795238095238095,0.318,0.3487619047619047
14221,Jorge Soler,MIA,OF,https://www.fangraphs.com/players/jorge-soler/14221/stats,jorge-soler/14221/stats,2023-09-06,2023-09-17,Strained oblique,,,,,,,,,,2023,,,,,,,none,none,0,0,0,0,0,624585,126,0.35509920634920633,0.318,0.3531466165413534
14274,Mitch Haniger,SFG,OF,https://www.fangraphs.com/players/mitch-haniger/14274/stats,mitch-haniger/14274/stats,2023-03-27,2023-04-24,Strained oblique,2023-06-14,2023-08-29,Forearm surgery (fracture),2023-09-26,,Strained lower back,,,,2023,,,,,,,traumatic,exact,0,0,1,2,2,571745,0,,0.318,0.318
15674,Reese McGuire,BOS,C,https://www.fangraphs.com/players/reese-mcguire/15674/stats,reese-mcguire/15674/stats,2023-06-22,2023-08-01,Strained oblique,,,,,,,,,,2023,,,,,,,none,none,0,0,0,0,0,624512,39,0.2997863247863248,0.318,0.3025579710144927
17338,Willi Castro,MIN,INF/OF,https://www.fangraphs.com/players/willi-castro/17338/stats,willi-castro/17338/stats,2023-08-12,2023-09-03,Strained oblique,,,,,,,,,,2023,,,,,,,none,none,0,0,0,0,0,650489,89,0.2969943820224719,0.318,0.2985260416666667
17893,Tyler Nevin,DET,INF/OF,https://www.fangraphs.com/players/tyler-nevin/17893/stats,tyler-nevin/17893/stats,2023-03-27,2023-04-07,Strained oblique,,,,,,,,,,2023,,,,,,,none,none,0,0,0,0,0,663527,0,,0.318,0.318
18030,Harrison Bader,NYY,OF,https://www.fangraphs.com/players/harrison-bader/18030/stats,harrison-bader/18030/stats,2023-03-27,2023-05-02,Strained oblique,2023-05-30,2023-06-20,Strained hamstring,2023-09-18,,Strained groin,,,,2023,,,,,,,lower_body_strain,exact,1,1,0,1,1,664056,0,,0.318,0.318
18042,Dylan Moore,SEA,INF/OF,https://www.fangraphs.com/players/dylan-moore/18042/stats,dylan-moore/18042/stats,2023-03-27,2023-06-06,Strained oblique,,,,,,,,,,2023,,,,,,,none,none,0,0,0,0,0,664238,0,,0.318,0.318
18171,Seth Brown,OAK,1B/OF,https://www.fangraphs.com/players/seth-brown/18171/stats,seth-brown/18171/stats,2023-04-09,2023-05-22,Strained oblique,,,,,,,,,,2023,,,,,,,none,none,0,0,0,0,0,664913,8,0.3260416666666667,0.318,0.3222888888888889
18839,Josh Naylor,CLE,1B,https://www.fangraphs.com/players/josh-naylor/18839/stats,josh-naylor/18839/stats,2023-08-01,2023-09-03,Strained oblique,,,,,,,,,,2023,,,,,,,none,none,0,0,0,0,0,647304,96,0.34209697420634916,0.318,0.340459315765141
18887,Seby Zavala,CHW,C,https://www.fangraphs.com/players/seby-zavala/18887/stats,seby-zavala/18887/stats,2023-08-03,2023-09-04,Strained oblique,,,,,,,,,,2023,,,,,,,none,none,0,0,0,0,0,664874,58,0.21211206896551724,0.318,0.22351538461538464
18900,Leody Taveras,TEX,OF,https://www.fangraphs.com/players/leody-taveras/18900/stats,leody-taveras/18900/stats,2023-03-27,2023-04-12,Strained oblique,,,,,,,,,,2023,,,,,,,none,none,0,0,0,0,0,665750,0,,0.318,0.318
19522,TJ Friedl,CIN,OF,https://www.fangraphs.com/players/tj-friedl/19522/stats,tj-friedl/19522/stats,2023-05-12,2023-05-23,Strained oblique,2023-05-31,2023-06-10,Strained hamstring,,,,,,,2023,,,,,,,lower_body_strain,exact,1,1,0,1,1,670770,37,0.362027027027027,0.318,0.35502272727272727
19556,Yordan Alvarez,HOU,OF,https://www.fangraphs.com/players/yordan-alvarez/19556/stats,yordan-alvarez/19556/stats,2023-06-09,2023-07-26,Strained oblique,,,,,,,,,,2023,,,,,,,none,none,0,0,0,0,0,670541,57,0.4035964912280702,0.318,0.39423437499999997
19698,Edward Olivares,KCR,OF,https://www.fangraphs.com/players/edward-olivares/19698/stats,edward-olivares/19698/stats,2023-07-08,2023-07-18,Strained oblique,,,,,,,,,,2023,,,,,,,none,none,0,0,0,0,0,658668,66,0.29373737373737374,0.318,0.29606392694063927
19921,Blake Perkins,MIL,OF,https://www.fangraphs.com/players/blake-perkins/19921/stats,blake-perkins/19921/stats,2023-08-10,2023-09-17,Strained oblique,,,,,,,,,,2023,,,,,,,none,none,0,0,0,0,0,663368,42,0.3041865079365079,0.318,0.30615986394557826
20220,Jo Adell,LAA,OF,https://www.fangraphs.com/players/jo-adell/20220/stats,jo-adell/20220/stats,2023-07-11,2023-09-18,Strained oblique,,,,,,,,,,2023,,,,,,,none,none,0,0,0,0,0,666176,5,0.5175000000000001,0.318,0.401125
20505,Drew Waters,KCR,OF,https://www.fangraphs.com/players/drew-waters/20505/stats,drew-waters/20505/stats,2023-03-27,2023-05-26,Strained oblique,,,,,,,,,,2023,,,,,,,none,none,0,0,0,0,0,671221,0,,0.318,0.318
22275,Jake Burger,CHW,3B,https://www.fangraphs.com/players/jake-burger/22275/stats,jake-burger/22275/stats,2023-05-04,2023-05-14,Strained oblique,,,,,,,,,,2023,,,,,,,none,none,0,0,0,0,0,669394,23,0.3784057971014493,0.318,0.3643111111111111
22458,Taylor Walls,TBR,INF,https://www.fangraphs.com/players/taylor-walls/22458/stats,taylor-walls/22458/stats,2023-07-21,2023-09-01,Strained oblique,,,,,,,,,,2023,,,,,,,none,none,0,0,0,0,0,670764,75,0.2813888888888889,0.318,0.2845142276422764
22515,Heliot Ramos,SFG,OF,https://www.fangraphs.com/players/heliot-ramos/22515/stats,heliot-ramos/22515/stats,2023-05-19,2023-07-18,Strained oblique,,,,,,,,,,2023,,,,,,,none,none,0,0,0,0,0,671218,9,0.31277777777777777,0.318,0.3150625
23733,Ezequiel Duran,TEX,INF/OF,https://www.fangraphs.com/players/ezequiel-duran/23733/stats,ezequiel-duran/23733/stats,2023-05-24,2023-06-03,Strained oblique,,,,,,,,,,2023,,,,,,,none,none,0,0,0,0,0,677649,40,0.3733125,0.318,0.3650744680851064
30116,Seiya Suzuki,CHC,OF,https://www.fangraphs.com/players/seiya-suzuki/30116/stats,seiya-suzuki/30116/stats,2023-03-27,2023-04-14,Strained oblique,,,,,,,,,,2023,,,,,,,none,none,0,0,0,0,0,673548,0,,0.318,0.318
31347,Zach Neto,LAA,SS,https://www.fangraphs.com/players/zach-neto/31347/stats,zach-neto/31347/stats,2023-06-15,2023-07-14,Strained oblique,2023-08-04,2023-09-10,Lower back inflammation,,,,,,,2023,,,,,,,lower_back,exact,1,1,0,1,1,687263,53,0.3652201257861635,0.318,0.3597111111111111
8709,Elvis Andrus,CHW,2B,https://www.fangraphs.com/players/elvis-andrus/8709/stats,elvis-andrus/8709/stats,2023-05-13,2023-06-02,Strained oblique,,,,,,,,,,2023,,,,,,,none,none,0,0,0,0,0,462101,39,0.25115384615384617,0.318,0.26132608695652176
9952,Trayce Thompson,CHW,OF,https://www.fangraphs.com/players/trayce-thompson/9952/stats,trayce-thompson/9952/stats,2023-06-04,2023-08-03,Strained oblique,,,,,,,,,,2023,,,,,,,none,none,0,0,0,0,0,572204,36,0.2986111111111111,0.318,0.3017674418604651
13301,Max Muncy,LAD,3B,https://www.fangraphs.com/players/max-muncy/13301/stats,max-muncy/13301/stats,2024-05-16,2024-08-19,Strained oblique,,,,,,,,,,2024,,,,,,,none,none,0,0,0,0,0,571970,40,0.331125,0.31,0.3279787234042553
13419,Christian Walker,ARI,1B,https://www.fangraphs.com/players/christian-walker/13419/stats,christian-walker/13419/stats,2024-07-30,2024-09-03,Strained oblique,,,,,,,,,,2024,,,,,,,none,none,0,0,0,0,0,572233,107,0.33206386292834894,0.31,0.3307090643274854
14162,Carlos Correa,MIN,SS,https://www.fangraphs.com/players/carlos-correa/14162/stats,carlos-correa/14162/stats,2024-04-13,2024-04-29,Strained oblique,2024-07-16,2024-09-14,Plantar fascitis,,,,,,,2024,,,,,,,other_overuse,exact,0,1,0,2,1,621043,11,0.3552272727272727,0.31,0.3376388888888889
14854,Mike Yastrzemski,SFG,OF,https://www.fangraphs.com/players/mike-yastrzemski/14854/stats,mike-yastrzemski/14854/stats,2024-06-21,2024-07-02,Strained oblique,,,,,,,,,,2024,,,,,,,none,none,0,0,0,0,0,573262,65,0.3400897435897436,0.31,0.33716435185185184
15491,J.P. Crawford,SEA,SS,https://www.fangraphs.com/players/jp-crawford/15491/stats,jp-crawford/15491/stats,2024-04-24,2024-05-20,Strained oblique,2024-07-23,2024-08-28,Fractured hand (right pinkie),,,,,,,2024,,,,,,,traumatic,exact,0,0,1,2,2,641487,22,0.30685606060606063,0.31,0.30761494252873567
17128,Ramón Laureano,ATL,OF,https://www.fangraphs.com/players/ramon-laureano/17128/stats,ramon-laureano/17128/stats,2024-07-09,2024-07-19,Strained oblique,,,,,,,,,,2024,,,,,,,none,none,0,0,0,0,0,657656,38,0.22796052631578947,0.31,0.24072222222222223
18882,Brandon Lowe,TBR,2B,https://www.fangraphs.com/players/brandon-lowe/18882/stats,brandon-lowe/18882/stats,2024-04-09,2024-05-20,Strained oblique,,,,,,,,,,2024,,,,,,,none,none,0,0,0,0,0,664040,8,0.2234375,0.31,0.2638333333333333
19352,Sean Murphy,ATL,C,https://www.fangraphs.com/players/sean-murphy/19352/stats,sean-murphy/19352/stats,2024-03-30,2024-05-27,Strained oblique,,,,,,,,,,2024,,,,,,,none,none,0,0,0,0,0,669221,1,0.3,0.31,0.30874999999999997
19566,Nathaniel Lowe,TEX,1B,https://www.fangraphs.com/players/nathaniel-lowe/19566/stats,nathaniel-lowe/19566/stats,2024-03-25,2024-04-20,Strained oblique,,,,,,,,,,2024,,,,,,,none,none,0,0,0,0,0,663993,0,,0.31,0.31
19953,Josh Lowe,TBR,OF,https://www.fangraphs.com/players/josh-lowe/19953/stats,josh-lowe/19953/stats,2024-03-25,2024-05-06,Strained oblique,2024-05-23,2024-06-03,Strained oblique,,,,,,,2024,,,,,,,oblique_recurrence,exact,1,1,0,1,1,666139,0,,0.31,0.31
20220,Jo Adell,LAA,OF,https://www.fangraphs.com/players/jo-adell/20220/stats,jo-adell/20220/stats,2024-09-07,2024-09-30,Strained oblique,,,,,,,,,,2024,,,,,,,none,none,0,0,0,0,0,666176,127,0.3061548556430446,0.31,0.30635572139303485
22275,Jake Burger,MIA,3B/1B,https://www.fangraphs.com/players/jake-burger/22275/stats,jake-burger/22275/stats,2024-04-15,2024-05-06,Strained oblique,,,,,,,,,,2024,,,,,,,none,none,0,0,0,0,0,669394,16,0.28203125,0.31,0.29054347826086957
22557,Michael Siani,STL,OF,https://www.fangraphs.com/players/michael-siani/22557/stats,michael-siani/22557/stats,2024-08-04,2024-09-01,Strained oblique,,,,,,,,,,2024,,,,,,,none,none,0,0,0,0,0,672279,84,0.30118055555555556,0.31,0.30185897435897435
22857,Wenceel Pérez,DET,OF,https://www.fangraphs.com/players/wenceel-perez/22857/stats,wenceel-perez/22857/stats,2024-08-10,2024-09-12,Strained oblique,,,,,,,,,,2024,,,,,,,none,none,0,0,0,0,0,672761,96,0.3075173611111111,0.31,0.30768608414239484
26466,Matt Wallner,MIN,OF,https://www.fangraphs.com/players/matt-wallner/26466/stats,matt-wallner/26466/stats,2024-09-25,2024-09-30,Strained oblique,,,,,,,,,,2024,,,,,,,none,none,0,0,0,0,0,670242,75,0.3419888888888889,0.31,0.33925813008130085
27462,Austin Martin,MIN,OF/INF,https://www.fangraphs.com/players/austin-martin/27462/stats,austin-martin/27462/stats,2024-07-06,2024-07-20,Strained oblique,,,,,,,,,,2024,,,,,,,none,none,0,0,0,0,0,668885,38,0.34258771929824566,0.31,0.33751851851851855
27501,Justin Foscue,TEX,INF,https://www.fangraphs.com/players/justin-foscue/27501/stats,justin-foscue/27501/stats,2024-04-08,2024-06-26,Strained oblique,,,,,,,,,,2024,,,,,,,none,none,0,0,0,0,0,679822,2,0.45,0.31,0.3411111111111111
27962,Adael Amador,COL,2B,https://www.fangraphs.com/players/adael-amador/27962/stats,adael-amador/27962/stats,2024-06-21,2024-07-03,Strained oblique,,,,,,,,,,2024,,,,,,,none,none,0,0,0,0,0,691182,10,0.17625,0.31,0.2313235294117647
29766,Zack Gelof,OAK,2B,https://www.fangraphs.com/players/zack-gelof/29766/stats,zack-gelof/29766/stats,2024-04-24,2024-05-14,Strained oblique,,,,,,,,,,2024,,,,,,,none,none,0,0,0,0,0,680869,24,0.26208333333333333,0.31,0.27290322580645165
30116,Seiya Suzuki,CHC,OF,https://www.fangraphs.com/players/seiya-suzuki/30116/stats,seiya-suzuki/30116/stats,2024-04-15,2024-05-10,Strained oblique,,,,,,,,,,2024,,,,,,,none,none,0,0,0,0,0,673548,15,0.39799999999999996,0.31,0.37000000000000005
8090,Matt Carpenter,STL,1B,https://www.fangraphs.com/players/matt-carpenter/8090/stats,matt-carpenter/8090/stats,2024-04-02,2024-05-11,Strained oblique,2024-08-09,2024-08-20,Strained lower back,,,,,,,2024,,,,,,,lower_back,exact,1,1,0,1,1,572761,3,0.22666666666666666,0.31,0.285
13590,Jesse Winker,NYM,OF,https://www.fangraphs.com/players/jesse-winker/13590/stats/batting,jesse-winker/13590/stats/batting,2025-05-05,2025-07-08,Strained oblique,2025-07-11,2025-09-29,Back inflammation,,,,,,,2025,,,,,,,lower_back,exact,1,1,0,1,1,608385,23,0.27268115942028986,0.313,0.2820888888888889
13770,Rob Refsnyder,BOS,OF,https://www.fangraphs.com/players/rob-refsnyder/13770/stats/batting,rob-refsnyder/13770/stats/batting,2025-08-15,2025-08-28,Strained oblique,,,,,,,,,,2025,,,,,,,none,none,0,0,0,0,0,608701,53,0.33270440251572325,0.313,0.3304055555555555
15362,Jeff McNeil,NYM,INF/OF,https://www.fangraphs.com/players/jeff-mcneil/15362/stats/batting,jeff-mcneil/15362/stats/batting,2025-03-24,2025-04-25,Strained oblique,,,,,,,,,,2025,,,,,,,none,none,0,0,0,0,0,643446,0,,0.313,0.313
15878,Miguel Andujar,ATH,INF/OF,https://www.fangraphs.com/players/miguel-andujar/15878/stats/batting,miguel-andujar/15878/stats/batting,2025-06-02,2025-07-09,Strained oblique,,,,,,,,,,2025,,,,,,,none,none,0,0,0,0,0,609280,46,0.32317028985507246,0.313,0.3218270440251572
16997,Gleyber Torres,DET,2B,https://www.fangraphs.com/players/gleyber-torres/16997/stats/batting,gleyber-torres/16997/stats/batting,2025-03-29,2025-04-11,Strained oblique,,,,,,,,,,2025,,,,,,,none,none,0,0,0,0,0,650402,2,0.63,0.313,0.3834444444444444
17338,Willi Castro,MIN,INF/OF,https://www.fangraphs.com/players/willi-castro/17338/stats/batting,willi-castro/17338/stats/batting,2025-04-21,2025-05-05,Strained oblique,,,,,,,,,,2025,,,,,,,none,none,0,0,0,0,0,650489,18,0.30171296296296296,0.313,0.30487333333333333
17907,Brendan Rodgers,HOU,2B,https://www.fangraphs.com/players/brendan-rodgers/17907/stats/batting,brendan-rodgers/17907/stats/batting,2025-06-15,2025-09-29,Strained oblique,,,,,,,,,,2025,,,,,,,none,none,0,0,0,0,0,663898,37,0.27702702702702703,0.313,0.28275
17919,Ian Happ,CHC,OF,https://www.fangraphs.com/players/ian-happ/17919/stats/batting,ian-happ/17919/stats/batting,2025-05-10,2025-05-20,Strained oblique,,,,,,,,,,2025,,,,,,,none,none,0,0,0,0,0,664023,39,0.3444230769230769,0.313,0.3396413043478261
17982,Ty France,TOR,1B,https://www.fangraphs.com/players/ty-france/17982/stats/batting,,2025-09-22,2025-09-29,Strained oblique,,,,,,,,,,2025,,,,,,,none,none,0,0,0,0,0,664034,136,0.30840073529411766,0.313,0.30862587412587417
17988,Tyler Stephenson,CIN,C,https://www.fangraphs.com/players/tyler-stephenson/17988/stats/batting,tyler-stephenson/17988/stats/batting,2025-03-24,2025-05-02,Strained oblique,2025-08-17,2025-09-05,Fractured thumb (left),,,,,,,2025,,,,,,,traumatic,exact,0,0,1,2,2,663886,0,,0.313,0.313
18882,Brandon Lowe,TBR,2B,https://www.fangraphs.com/players/brandon-lowe/18882/stats/batting,brandon-lowe/18882/stats/batting,2025-07-08,2025-07-18,Strained oblique,2025-07-20,2025-07-30,Ankle/foot tendinitis,,,,,,,2025,,,,,,,other_overuse,exact,0,1,0,2,1,664040,83,0.3619277108433735,0.313,0.35812222222222223
19354,Luke Raley,SEA,1B/OF,https://www.fangraphs.com/players/luke-raley/19354/stats/batting,luke-raley/19354/stats/batting,2025-04-28,2025-06-20,Strained oblique,2025-07-27,2025-08-15,Back spasms,,,,,,,2025,,,,,,,lower_back,exact,1,1,0,1,1,670042,24,0.29288194444444443,0.313,0.2974247311827957
19358,Weston Wilson,PHI,INF/OF,https://www.fangraphs.com/players/weston-wilson/19358/stats/batting,weston-wilson/19358/stats/batting,2025-03-24,2025-04-23,Strained oblique,,,,,,,,,,2025,,,,,,,none,none,0,0,0,0,0,642215,0,,0.313,0.313
19452,Jake Rogers,DET,C,https://www.fangraphs.com/players/jake-rogers/19452/stats/batting,jake-rogers/19452/stats/batting,2025-04-08,2025-05-20,Strained oblique,,,,,,,,,,2025,,,,,,,none,none,0,0,0,0,0,668670,6,0.325,0.313,0.31853846153846155
19599,Chas McCormick,HOU,OF,https://www.fangraphs.com/players/chas-mccormick/19599/stats/batting,chas-mccormick/19599/stats/batting,2025-05-30,2025-07-18,Strained oblique,,,,,,,,,,2025,,,,,,,none,none,0,0,0,0,0,676801,20,0.23833333333333334,0.313,0.25769135802469134
19892,Pavin Smith,ARI,1B/OF,https://www.fangraphs.com/players/pavin-smith/19892/stats/batting,pavin-smith/19892/stats/batting,2025-07-06,2025-08-18,Strained oblique,2025-08-28,2025-09-29,Strained quad,,,,,,,2025,,,,,,,lower_body_strain,exact,1,1,0,1,1,656976,78,0.3492628205128205,0.313,0.34627647058823524
19913,Jesús Sánchez,MIA,OF,https://www.fangraphs.com/players/jesus-sanchez/19913/stats/batting,jesus-sanchez/19913/stats/batting,2025-03-24,2025-04-15,Strained oblique,,,,,,,,,,2025,,,,,,,none,none,0,0,0,0,0,660821,0,,0.313,0.313
19931,Luke Williams,ATL,INF/OF,https://www.fangraphs.com/players/luke-williams/19931/stats/batting,,2025-08-19,2025-09-01,Strained oblique,,,,,,,,,,2025,,,,,,,none,none,0,0,0,0,0,663897,16,0.13854166666666667,0.313,0.1916376811594203
19953,Josh Lowe,TBR,OF,https://www.fangraphs.com/players/josh-lowe/19953/stats/batting,josh-lowe/19953/stats/batting,2025-03-29,2025-05-15,Strained oblique,,,,,,,,,,2025,,,,,,,none,none,0,0,0,0,0,666139,1,0.45,0.313,0.330125
20178,Miguel Vargas,CHW,1B/3B,https://www.fangraphs.com/players/miguel-vargas/20178/stats/batting,miguel-vargas/20178/stats/batting,2025-08-02,2025-08-12,Strained oblique,2025-08-29,2025-09-10,Sprained hand (left),,,,,,,2025,,,,,,,traumatic,exact,0,0,1,2,2,678246,106,0.3003616352201258,0.313,0.3011445427728614
20454,Jazz Chisholm Jr.,NYY,2B,https://www.fangraphs.com/players/jazz-chisholm-jr/20454/stats/batting,jazz-chisholm-jr/20454/stats/batting,2025-04-30,2025-06-03,Strained oblique,,,,,,,,,,2025,,,,,,,none,none,0,0,0,0,0,665862,30,0.33694444444444444,0.313,0.33241441441441444
20529,Nolan Jones,CLE,OF,https://www.fangraphs.com/players/nolan-jones/20529/stats/batting,,2025-09-20,2025-09-29,Strained oblique,,,,,,,,,,2025,,,,,,,none,none,0,0,0,0,0,666134,129,0.25525839793281657,0.313,0.2582303921568628
21538,Nick Fortes,MIA,C,https://www.fangraphs.com/players/nick-fortes/21538/stats/batting,nick-fortes/21538/stats/batting,2025-04-10,2025-05-04,Strained oblique,,,,,,,,,,2025,,,,,,,none,none,0,0,0,0,0,663743,7,0.4097619047619047,0.313,0.36138095238095236
21693,Miguel Amaya,CHC,C,https://www.fangraphs.com/players/miguel-amaya/21693/stats/batting,miguel-amaya/21693/stats/batting,2025-05-25,2025-08-12,Strained oblique,2025-08-14,2025-09-29,Sprained ankle,,,,,,,2025,,,,,,,ankle_sprain,exact,0,1,0,2,1,665804,27,0.3461728395061728,0.313,0.33934313725490195
21797,Andrés Chaparro,WSN,1B/3B,https://www.fangraphs.com/players/andres-chaparro/21797/stats/batting,andres-chaparro/21797/stats/batting,2025-03-24,2025-05-28,Strained oblique,,,,,,,,,,2025,,,,,,,none,none,0,0,0,0,0,665953,0,,0.313,0.313
22054,Dane Myers,MIA,OF,https://www.fangraphs.com/players/dane-myers/22054/stats/batting,dane-myers/22054/stats/batting,2025-05-11,2025-05-30,Strained oblique,2025-08-31,2025-09-15,Strained oblique,2025-09-24,2025-09-29,Knee laceration,,,,2025,,,,,,,oblique_recurrence,exact,1,1,0,1,1,667472,27,0.3757407407407407,0.313,0.36282352941176466
22275,Jake Burger,TEX,1B,https://www.fangraphs.com/players/jake-burger/22275/stats/batting,jake-burger/22275/stats/batting,2025-06-21,2025-07-02,Strained oblique,2025-07-13,2025-08-08,Strained quad,2025-08-18,2025-09-01,Sprained wrist,,,,2025,,,,,,,lower_body_strain,exact,1,1,0,1,1,669394,65,0.2770897435897436,0.313,0.2805810185185185
22532,Tyler Freeman,COL,INF/OF,https://www.fangraphs.com/players/tyler-freeman/22532/stats/batting,tyler-freeman/22532/stats/batting,2025-04-11,2025-05-16,Strained oblique,,,,,,,,,,2025,,,,,,,none,none,0,0,0,0,0,671289,6,0.18333333333333335,0.313,0.2531538461538462
23772,Wilyer Abreu,BOS,OF,https://www.fangraphs.com/players/wilyer-abreu/23772/stats/batting,wilyer-abreu/23772/stats/batting,2025-06-09,2025-06-20,Strained oblique,2025-08-18,2025-09-21,Strained calf,,,,,,,2025,,,,,,,lower_body_strain,exact,1,1,0,1,1,677800,63,0.3062169312169312,0.313,0.3068952380952381
23789,Blaze Alexander,ARI,INF,https://www.fangraphs.com/players/blaze-alexander/23789/stats/batting,blaze-alexander/23789/stats/batting,2025-03-24,2025-04-20,Strained oblique,,,,,,,,,,2025,,,,,,,none,none,0,0,0,0,0,677942,0,,0.313,0.313
25816,Shea Langeliers,ATH,C,https://www.fangraphs.com/players/shea-langeliers/25816/stats/batting,shea-langeliers/25816/stats/batting,2025-06-06,2025-06-30,Strained oblique,,,,,,,,,,2025,,,,,,,none,none,0,0,0,0,0,669127,56,0.30217261904761905,0.313,0.30337566137566135
26123,Brett Baty,NYM,INF,https://www.fangraphs.com/players/brett-baty/26123/stats/batting,,2025-09-27,2025-09-29,Strained oblique,,,,,,,,,,2025,,,,,,,none,none,0,0,0,0,0,683146,126,0.32450396825396827,0.313,0.3238984962406015
26151,Kyle Stowers,MIA,OF,https://www.fangraphs.com/players/kyle-stowers/26151/stats/batting,kyle-stowers/26151/stats/batting,2025-08-16,2025-09-29,Strained oblique,,,,,,,,,,2025,,,,,,,none,none,0,0,0,0,0,669065,116,0.3848563218390804,0.313,0.3807669376693767
26288,Adley Rutschman,BAL,C,https://www.fangraphs.com/players/adley-rutschman/26288/stats/batting,adley-rutschman/26288/stats/batting,2025-06-20,2025-07-28,Strained oblique,2025-08-18,2025-09-22,Strained oblique,,,,,,,2025,,,,,,,oblique_recurrence,exact,1,1,0,1,1,668939,68,0.2952450980392157,0.313,0.29690222222222223
26517,Noelvi Marte,CIN,3B,https://www.fangraphs.com/players/noelvi-marte/26517/stats/batting,noelvi-marte/26517/stats/batting,2025-05-05,2025-07-04,Strained oblique,,,,,,,,,,2025,,,,,,,none,none,0,0,0,0,0,682622,18,0.3512962962962963,0.313,0.34057333333333334
27577,Casey Schmitt,SFG,INF,https://www.fangraphs.com/players/casey-schmitt/27577/stats/batting,casey-schmitt/27577/stats/batting,2025-04-18,2025-05-19,Strained oblique,2025-06-27,2025-07-07,Hand inflammation,,,,,,,2025,,,,,,,other_overuse,exact,0,1,0,2,1,669477,8,0.25677083333333334,0.313,0.28301111111111105
29592,Connor Norby,MIA,INF,https://www.fangraphs.com/players/connor-norby/29592/stats/batting,connor-norby/29592/stats/batting,2025-03-24,2025-04-17,Strained oblique,2025-07-12,2025-08-29,Hamate surgery (left hand),2025-09-04,2025-09-15,Strained quad,,,,2025,,,,,,,traumatic,exact,0,0,1,2,2,681393,0,,0.313,0.313
29788,Brett Harris,ATH,3B,https://www.fangraphs.com/players/brett-harris/29788/stats/batting,brett-harris/29788/stats/batting,2025-03-24,2025-04-03,Strained oblique,,,,,,,,,,2025,,,,,,,none,none,0,0,0,0,0,695391,0,,0.313,0.313
31363,Graham Pauley,MIA,INF,https://www.fangraphs.com/players/graham-pauley/31363/stats/batting,graham-pauley/31363/stats/batting,2025-08-17,2025-09-15,Strained oblique,,,,,,,,,,2025,,,,,,,none,none,0,0,0,0,0,688363,50,0.3144166666666667,0.313,0.31424269005847955
31812,Roman Anthony,BOS,OF,https://www.fangraphs.com/players/roman-anthony/31812/stats/batting,,2025-09-03,2025-09-29,Strained oblique,,,,,,,,,,2025,,,,,,,none,none,0,0,0,0,0,701350,71,0.37392018779342723,0.313,0.36845299145299143
33333,Wyatt Langford,TEX,OF,https://www.fangraphs.com/players/wyatt-langford/33333/stats/batting,wyatt-langford/33333/stats/batting,2025-04-09,2025-04-20,Strained oblique,2025-06-25,2025-07-05,Strained oblique,2025-09-24,2025-09-29,Strained oblique,,,,2025,,,,,,,oblique_recurrence,exact,1,1,0,1,1,694671,12,0.37395833333333334,0.313,0.3515
33541,Dylan Crews,WSN,OF,https://www.fangraphs.com/players/dylan-crews/33541/stats/batting,dylan-crews/33541/stats/batting,2025-05-21,2025-08-14,Strained oblique,,,,,,,,,,2025,,,,,,,none,none,0,0,0,0,0,686611,45,0.2786111111111111,0.313,0.28324038461538464
12552,Eugenio Suárez,CIN,DH,https://www.fangraphs.com/players/eugenio-suarez/12552/stats/batting,eugenio-suarez/12552/stats/batting,2026-04-23,2026-05-22,Strained oblique,,,,,,,,,,2026,,,,,,,none,none,0,0,0,0,0,553993,25,0.34729999999999994,0.316,0.34045312499999997
13602,Patrick Wisdom,SEA,INF/OF,https://www.fangraphs.com/players/patrick-wisdom/13602/stats/batting,,2026-04-15,2026-05-18,Strained oblique,,,,,,,,,,2026,,,,,,,none,none,0,0,0,0,0,621550,1,0.0,0.316,0.2765
13611,Mookie Betts,LAD,SS,https://www.fangraphs.com/players/mookie-betts/13611/stats/batting,,2026-04-05,2026-05-11,Strained oblique,,,,,,,,,,2026,,,,,,,none,none,0,0,0,0,0,605141,8,0.3332291666666667,0.316,0.32518888888888886
14221,Jorge Soler,LAA,OF,https://www.fangraphs.com/players/jorge-soler/14221/stats/batting,,2026-06-04,2026-06-22,Strained oblique,,,,,,,,,,2026,,,,,,,none,none,0,0,0,0,0,624585,58,0.3127586206896552,0.316,0.3131076923076923
16939,Lane Thomas,ATL,OF,https://www.fangraphs.com/players/lane-thomas/16939/stats/batting,,2026-09-08,2026-10-03,Strained oblique,,,,,,,,,,2026,,,,,,,none,none,0,0,0,0,0,657041,113,0.30362094395280237,0.316,0.30434305555555563
16997,Gleyber Torres,DET,2B,https://www.fangraphs.com/players/gleyber-torres/16997/stats/batting,gleyber-torres/16997/stats/batting,2026-05-03,2026-06-02,Strained oblique,2026-06-16,2026-07-20,Strained oblique,,,,,,,2026,,,,,,,oblique_recurrence,exact,1,1,0,1,1,650402,32,0.343125,0.316,0.33825641025641023
18314,Dansby Swanson,CHC,SS,https://www.fangraphs.com/players/dansby-swanson/18314/stats/batting,dansby-swanson/18314/stats/batting,2026-08-17,2026-09-18,Strained oblique,,,,,,,,,,2026,,,,,,,none,none,0,0,0,0,0,621020,117,0.3126780626780627,0.316,0.31286559139784953
19627,Brent Rooker,ATH,OF,https://www.fangraphs.com/players/brent-rooker/19627/stats/batting,brent-rooker/19627/stats/batting,2026-04-10,2026-04-26,Strained oblique,2026-06-09,,Arthroscopic knee surgery,,,,,,,2026,,,,,,,knee_nontraumatic,exact,0,1,0,2,1,667670,11,0.23575757575757575,0.316,0.26696296296296296
20308,Jake Meyers,HOU,OF,https://www.fangraphs.com/players/jake-meyers/20308/stats/batting,jake-meyers/20308/stats/batting,2026-04-09,2026-05-19,Strained oblique,2026-09-23,,Fractured knee,,,,,,,2026,,,,,,,traumatic,exact,0,0,1,2,2,676694,10,0.3109166666666667,0.316,0.31300980392156863
21534,Cal Raleigh,SEA,C,https://www.fangraphs.com/players/cal-raleigh/21534/stats/batting,cal-raleigh/21534/stats/batting,2026-05-14,2026-06-16,Strained oblique,,,,,,,,,,2026,,,,,,,none,none,0,0,0,0,0,663728,41,0.24686991869918698,0.316,0.25695138888888885
21780,Esteury Ruiz,MIA,OF,https://www.fangraphs.com/players/esteury-ruiz/21780/stats/batting,esteury-ruiz/21780/stats/batting,2026-03-22,2026-04-23,Strained oblique,,,,,,,,,,2026,,,,,,,none,none,0,0,0,0,0,665923,0,,0.316,0.316
21897,Christopher Morel,MIA,1B/OF,https://www.fangraphs.com/players/christopher-morel/21897/stats/batting,christopher-morel/21897/stats/batting,2026-03-25,2026-04-27,Strained oblique,,,,,,,,,,2026,,,,,,,none,none,0,0,0,0,0,666624,0,,0.316,0.316
22274,Samad Taylor,SDP,OF,https://www.fangraphs.com/players/samad-taylor/22274/stats/batting,,2026-07-08,2026-08-30,Strained oblique,,,,,,,,,,2026,,,,,,,none,none,0,0,0,0,0,669392,26,0.3646153846153846,0.316,0.3543030303030303
22458,Taylor Walls,TBR,SS,https://www.fangraphs.com/players/taylor-walls/22458/stats/batting,,2026-03-22,2026-04-06,Strained oblique,2026-09-06,2026-09-17,Strained hip flexor,,,,,,,2026,,,,,,,lower_body_strain,exact,1,1,0,1,1,670764,0,,0.316,0.316
22664,Gabriel Moreno,ARI,C,https://www.fangraphs.com/players/gabriel-moreno/22664/stats/batting,gabriel-moreno/22664/stats/batting,2026-04-11,2026-05-01,Strained oblique,,,,,,,,,,2026,,,,,,,none,none,0,0,0,0,0,672515,13,0.31288461538461537,0.316,0.313975
23003,Yainer Diaz,HOU,C,https://www.fangraphs.com/players/yainer-diaz/23003/stats/batting,,2026-05-04,2026-06-16,Strained oblique,,,,,,,,,,2026,,,,,,,none,none,0,0,0,0,0,673237,25,0.2838333333333333,0.316,0.29086979166666665
25479,Brenton Doyle,COL,OF,https://www.fangraphs.com/players/brenton-doyle/25479/stats/batting,brenton-doyle/25479/stats/batting,2026-05-20,2026-07-31,Oblique contusion,,,,,,,,,,2026,,,,,,,none,none,0,0,0,0,0,686668,37,0.26745495495495497,0.316,0.2751780303030303
25483,Nick Sogard,BOS,INF/OF,https://www.fangraphs.com/players/nick-sogard/25483/stats/batting,,2026-05-31,2026-07-12,Strained oblique,,,,,,,,,,2026,,,,,,,none,none,0,0,0,0,0,686765,11,0.30833333333333335,0.316,0.3113148148148148
25714,Blaine Crim,COL,1B,https://www.fangraphs.com/players/blaine-crim/25714/stats/batting,blaine-crim/25714/stats/batting,2026-03-22,2026-04-04,Strained oblique,,,,,,,,,,2026,,,,,,,none,none,0,0,0,0,0,688760,0,,0.316,0.316
26468,Victor Bericoto,SFG,OF,https://www.fangraphs.com/players/victor-bericoto/26468/stats/batting,,2026-07-10,2026-08-11,Strained oblique,2026-08-24,2026-09-18,Knee bone bruise,,,,,,,2026,,,,,,,traumatic,exact,0,0,1,2,2,,0,,0.316,0.316
27790,Evan Carter,TEX,OF,https://www.fangraphs.com/players/evan-carter/27790/stats/batting,evan-carter/27790/stats/batting,2026-06-13,2026-06-28,Strained oblique,,,,,,,,,,2026,,,,,,,none,none,0,0,0,0,0,694497,66,0.2636363636363636,0.316,0.26865753424657535
27963,Maximo Acosta,MIA,INF,https://www.fangraphs.com/players/maximo-acosta/27963/stats/batting,,2026-03-22,2026-04-20,Strained oblique,,,,,,,,,,2026,,,,,,,none,none,0,0,0,0,0,691185,0,,0.316,0.316
29518,James Wood,WSN,OF,https://www.fangraphs.com/players/james-wood/29518/stats/batting,james-wood/29518/stats/batting,2026-08-04,2026-09-02,Strained oblique,,,,,,,,,,2026,,,,,,,none,none,0,0,0,0,0,695578,114,0.3890643274853801,0.316,0.3848374655647383
29634,Will Wagner,SDP,INF,https://www.fangraphs.com/players/will-wagner/29634/stats/batting,,2026-03-22,2026-05-07,Strained oblique,,,,,,,,,,2026,,,,,,,none,none,0,0,0,0,0,695238,0,,0.316,0.316
31539,Drake Baldwin,ATL,C,https://www.fangraphs.com/players/drake-baldwin/31539/stats/batting,drake-baldwin/31539/stats/batting,2026-05-19,2026-06-15,Strained oblique,,,,,,,,,,2026,,,,,,,none,none,0,0,0,0,0,686948,48,0.41210069444444447,0.316,0.399869696969697
31695,Dylan Beavers,BAL,OF,https://www.fangraphs.com/players/dylan-beavers/31695/stats/batting,dylan-beavers/31695/stats/batting,2026-05-11,2026-06-28,Strained oblique,,,,,,,,,,2026,,,,,,,none,none,0,0,0,0,0,687637,33,0.29111111111111115,0.316,0.29546666666666666
33270,Jonah Cox,SFG,OF,https://www.fangraphs.com/players/jonah-cox/33270/stats/batting,jonah-cox/33270/stats/batting,2026-07-06,2026-08-04,Strained oblique,,,,,,,,,,2026,,,,,,,none,none,0,0,0,0,0,,0,,0.316,0.316
37122,Sung-Mun Song,SDP,INF/OF,https://www.fangraphs.com/players/sung-mun-song/37122/stats/batting,,2026-03-22,2026-04-16,Strained oblique,,,,,,,,,,2026,,,,,,,none,none,0,0,0,0,0,,0,,0.316,0.316
5417,Jose Altuve,HOU,2B,https://www.fangraphs.com/players/jose-altuve/5417/stats/batting,,2026-05-17,2026-06-05,Strained oblique,,,,,,,,,,2026,,,,,,,none,none,0,0,0,0,0,514888,42,0.3188888888888889,0.316,0.31847619047619047
